text,intent
What are the limits to where my card will be accepted?,card_acceptance
I would like to change currency,exchange_via_app
I have lost my credit card in the ATM!,card_swallowed
My card still hasn't been delivered,card_arrival
Can you deliver the PIN separately?,get_physical_card
I am 16 and just started working at McDonalds can I deposit my checks at your bank?,age_limit
Whats the maximum number of disposable cards that I can get?,disposable_card_limits
Been trying to transfer money this morning but keep getting rejected. I don't understand why this is happening.,failed_transfer
Why is the exchange rate different from what I expected?,card_payment_wrong_exchange_rate
How do I withdraw money?,atm_support
What do I do when a charge has been made that I did not make?,cash_withdrawal_not_recognised
"I thought transfers were free, why was I charged?",transfer_fee_charged
I was charged multiple times for one purchase,transaction_charged_twice
"How long does it typically take a transfer to go through?  I sent some money to a friend earlier today, and she really needs it.  It still is a pending transfer, even though I sent it a few hours ago.",transfer_not_received_by_recipient
Why is there a fee added to my statement?,extra_charge_on_statement
"Hae, I already completed my 3D secure authentication when I tried the crypto top up but it's still not working for me. I also don't understand what happened to the money in my account",top_up_reverted
"I would like to make a purchase, however my card has been declined. I would like to ask the reason for this. The past two weeks, the card has been working fine.",reverted_card_payment?
I'd like to know how transferring my money into my account works.,transfer_into_account
Purchases I did not make are appearing in my bank statement?,direct_debit_payment_not_recognised
What is the fee for topping up a US card?,top_up_by_card_charge
"The ATM at Metro bank on High St. Kensington didn't return my card, and the bank is now closed. How do I get back a card swallowed by an ATM?",card_swallowed
"There seems to be an additional charge of £1 on my statement, what is the reason for this?",extra_charge_on_statement
Why was my top-up rejected?,top_up_failed
I've been trying to do a transfer multiple times and have failed? Is the system down?,failed_transfer
How long does it take for money to transfer?,balance_not_updated_after_bank_transfer
I haven't received my card.,card_arrival
Fix my top up,top_up_failed
Can I top up my card with other cards?,supported_cards_and_currencies
What's the transfer time from Europe?,transfer_timing
I've been charged an extra £1 and I don't know why,extra_charge_on_statement
What countries can I use the card in?,country_support
Why won't my transfer go through?,failed_transfer
"Hi, I'm trying to by some crypto and the app isn't allowing it. I really want to exchange this, what am I doing wrong?",beneficiary_not_allowed
This is the first time I've tried to get my money out of an ATM and it didn't work. Please give me my money,declined_cash_withdrawal
Is it free to exchange currency?,exchange_charge
I want one of the virtual cards!,getting_virtual_card
Can I get an update on my replacement card?,card_arrival
Can you help me get Top Up to work in the Apple Pay function?,apple_pay_or_google_pay
Am I able to do a SWIFT transfer with you?,top_up_by_bank_transfer_charge
I want to close my account. The service you provide is unsatisfactory to me.,terminate_account
"My card info was stolen, what do I do?",compromised_card
"I need to add a serious amount of cash to my card, how do I do that?",top_up_limits
I made a transfer and was charged extra. Why?,transfer_fee_charged
Are there any fees when exchanging to foreign currencies?,exchange_charge
My PIN has been blocked.,pin_blocked
Do you issue cards for someone living in the US?,country_support
What factors effect the exchange rate?,exchange_rate
What is the cause of the delay in applying my card payment to my account?,pending_card_payment
Can I top up?,top_up_limits
After trying to update my account balance yesterday by cheque it doesn't seem to working. Shouldn't the process be quicker? I need my account looked at because there appears to be a problem.,balance_not_updated_after_cheque_or_cash_deposit
want to know where funds come from,verify_source_of_funds
I would like to cancel my previous purchase.,request_refund
Please tell me what the exchange fee is.,exchange_charge
what is the exchange rate for foreign ATMs,wrong_exchange_rate_for_cash_withdrawal
I want a real card,order_physical_card
Is it possible for a friend to personally send me a payment?,receiving_money
Are there limits as to where my card will be accepted?,card_acceptance
Are purchases returnable for full refund?,request_refund
There is an extra small charge on my card! What do I do?,extra_charge_on_statement
What do the disposable cards do?,get_disposable_virtual_card
Why hasnt my top up gone through yet?? I thought it was suppose to be instant? Am I wrong? Why is it still pending?,pending_top_up
Why was I declined from getting cash?,declined_cash_withdrawal
I need a disposable virtual card. Please tell me how to order one.,get_disposable_virtual_card
I need you to delete my account now.,terminate_account
I bought an item that I was charged a different exchange rate for.,card_payment_wrong_exchange_rate
"Please help! I was looking at my account and saw a transaction with a seller I don't remember. Is it possible for you to track the sale, because I really don't think I made a payment to them.",direct_debit_payment_not_recognised
Can I have a card even if I am not living in the UK?,country_support
What is the maximum top up?,top_up_limits
What if there is an error on the exchange rate?,card_payment_wrong_exchange_rate
"I made a card payment, but it has been declined?",declined_card_payment
Do you charge a fee for topping up a card?,top_up_by_card_charge
What could possibly be the cause of my failed transfer?,failed_transfer
Did I do something incorrectly? Where is my top-up?,pending_top_up
Why do you need all these details about my identity?,why_verify_identity
Is my top up not working?,pending_top_up
Is there a fee for sending out more cards?,getting_spare_card
My card has been lost! help!,lost_or_stolen_card
"I got this stupid fee after taking cash out, why?",cash_withdrawal_charge
What is the age limit?,age_limit
The attempted transfer failed.,failed_transfer
I didn't receive the amount of cash I requested for the ATM.,wrong_amount_of_cash_received
Can i make several disposable cardsper day?,disposable_card_limits
How can my friend send money to me?,receiving_money
There is a pending payment on my account that is very strange. I don't remember making this and it won't go away. Can you help me figure this out?,extra_charge_on_statement
I want to know how to transfer money with my credit card,topping_up_by_card
What do I have to do to get my virtual card?,getting_virtual_card
How can I tell if there will be a fee added to my payment or not?,card_payment_fee_charged
Please help!  The app won't let me cancel a money transfer.  I accidently sent money to an account that wasn't mine.  I need this cancelled immediately.,cancel_transfer
My app shows a money withdrawal that I did not do.,cash_withdrawal_not_recognised
I need to move money from another bank to this account.,transfer_into_account
"If there isn't a lot of money left, will it automatically top-up money?",automatic_top_up
the transfer went through but now it has been pending for quite a while. i need this to go through already,pending_transfer
There is a payment that I made that hasn't gone through yet.,pending_card_payment
I made a cash withdrawal at an ATM but it still says pending in my account.,pending_cash_withdrawal
I made a payment but it's still pending,pending_card_payment
What about my children?,age_limit
I found my card again. Can I put it back into the app?,card_linking
"Hello-Can you please help me get a refund from this merchant?  I ordered a product and would like to return it. I have been unsuccessful in getting the merchant to return my request for the past several days.  I understand it can take up to 45 days to process the dispute and issue a refund, however, if this can be expedited faster it would be very helpful to me.",request_refund
Is auto top up available?,automatic_top_up
Is there a fee for topping up by charge card?,top_up_by_card_charge
"It's been over a month and i still haven't received my goods! I ordered a pencil for crying out loud, it's not that hard to deliver that! I'm done with these people, give me a refund immediately! I'll search for my Japanese exclusive pencil elsewhere!",request_refund
Will I be charged for receiving the money?,top_up_by_bank_transfer_charge
"Hi, I am unable to see transaction in my account which i made couples of hours ago from my UK account. Please help me in this.",balance_not_updated_after_bank_transfer
Why hasn't my money transfer shown up yet?,balance_not_updated_after_bank_transfer
I tried to get gas but my money was gone!,topping_up_by_card
"Hi, I am unable to use my card in ATM. I had tried my card in two ATMs but both ATMs declined it. Could you please check my account?",declined_cash_withdrawal
If I don't have all my documents can they still verify my identity?,verify_my_identity
Will my other US credit card be accepted?,supported_cards_and_currencies
What do you use to figure out the exchange rate for the card?,exchange_rate
Can you help me transfer money into my friend's bank account? I tried to do it but it keeps rejecting me. I need to get the money in there asap. I have enough and all the account info is correct.,failed_transfer
Do you have the best exchange rate?,exchange_rate
How long does a transfer take to reach one's account.,transfer_timing
I looked at my statement and found a payment I and found a mistake.,card_payment_not_recognised
I dont have a pin,get_physical_card
I did a transfer but the balance is the same.,balance_not_updated_after_bank_transfer
Why was I charged a fee when I withdrew money?,cash_withdrawal_charge
Where can I check to see where the money in my account came from?,verify_source_of_funds
I can't see a top-up top-up verification code.,verify_top_up
There is a debit paymet that I don't recognize.,direct_debit_payment_not_recognised
How often am I able to top-up?,top_up_limits
I'm trying to take money from my account but its not letting me. Help!,declined_cash_withdrawal
Mastercard is my preferred company.,visa_or_mastercard
"I have a strange transaction for £1 on my statement, what is that?",extra_charge_on_statement
I have a disposable card but it does not work?,virtual_card_not_working
I did a cash deposit to my account but it doesn't show up,balance_not_updated_after_cheque_or_cash_deposit
How do I unblock my card?,pin_blocked
I am planning activating my card was it possible?,activate_my_card
What do I need to do to receive my payroll in the account?,receiving_money
Is there a reason my transfer would have been declined?,declined_transfer
"phone is gone, what should i do",lost_or_stolen_phone
What credit cards do you carry,visa_or_mastercard
Shouldn't my new card be here by now?,card_arrival
Is this card available to United States Residents?,country_support
What does pending payment mean?,pending_card_payment
The app shows a withdrawal that I did not make or authorize.,cash_withdrawal_not_recognised
How long does it take to recieve my new card?,card_arrival
What do I do to link my new card?,card_linking
My payment has been returned.,reverted_card_payment?
My new card hasn't came in.,card_arrival
I was not distributed all of cash that I requested,wrong_amount_of_cash_received
Why is my identification required?,why_verify_identity
"I just transferred my friend money, but she hasn't received it yet, and it's been a few hours. Can you tell me when to expect it to go through?",transfer_not_received_by_recipient
How do I dispute a direct debit on my account?,direct_debit_payment_not_recognised
How is the exchange rate calculated?,exchange_rate
There are two of the same charge on my statement.,transaction_charged_twice
Please tell me the types of currency I can hold.,fiat_currency_support
Would I be able to top up as much as I can?,top_up_limits
Where do I go for a refund?,request_refund
Send me my card now! ASAP,card_delivery_estimate
"my phone was taken yesterday, what should I do about my account?",lost_or_stolen_phone
I attempted to get cash in the ATM but I was denied,declined_cash_withdrawal
"I want to add money to my card, what payments do you accept?",supported_cards_and_currencies
I would like to track the card you sent to me.,card_arrival
"Hello I am unable to exchange the crypto currency through the app, i am very keen to buy. Please let me know the issue.    interested buying crypto currency but i am unable to purchase it through the application,i do want to do the exchange, Could you please let me know what is the problem?",beneficiary_not_allowed
At what age can I open an account?,age_limit
What is the expected delivery date for my card?,card_arrival
My PIN tries have run out. Now what?,pin_blocked
Why couldn't I get cash from an ATM?,declined_cash_withdrawal
What would the age limit be?,age_limit
Where do i go to receive a virtual card,getting_virtual_card
My card hasn't came in the mail yet?,card_arrival
How much will it cost me for a SEPA transfer?,top_up_by_bank_transfer_charge
Why was my account assessed a fee for an ATM transaction?,cash_withdrawal_charge
What are ways to test why my card might not be working?,card_not_working
I think someone stole my card number and brought stuff in different places that I have never been to. I need to suspend any further purchase on my credit card.,compromised_card
There is a payment in my app that I did not make.  I have not used that card all day  Please reimburse my money.,direct_debit_payment_not_recognised
Why are there fees for using a card?,card_payment_fee_charged
"lost my phone, what is account security?",lost_or_stolen_phone
Can you explain the various transaction times shown on my statement?,transaction_charged_twice
Do you charge extra for topping up with a debit or credit card?,top_up_by_card_charge
When should I expect my card to arrive?,card_delivery_estimate
"I want to get some cash from the ATM using my card but I dont want to be charged any fees. Ive taken some money out before with no fees, but recently Ive been getting charged. Why?",cash_withdrawal_charge
What if I need to use GBP instead of USD?,exchange_via_app
My transfer failed,failed_transfer
My balance is not right. It has not been updated for the cash or cheque deposit.,balance_not_updated_after_cheque_or_cash_deposit
I got charged fees for withdrawing cash!,cash_withdrawal_charge
Why can I not make a transfer?,failed_transfer
I have not been able to use this card.,card_not_working
"I really wanted to buy something online but seems the card is not working as the payment suddenly came back! What's going on here, I've been trying for a good week or two.",reverted_card_payment?
Why did I get charged one pound seemingly randomly?,extra_charge_on_statement
"My card payment has been declined, why?",declined_card_payment
"I had a cheque deposited, but I don't see my money yet?",balance_not_updated_after_cheque_or_cash_deposit
I sent a transfer and it has been pending for awhile. How long will it stay pending?,pending_transfer
"Help me please, My Apple Pay American Express top up does not work.",apple_pay_or_google_pay
When can I expect my transfer to reach my account?,transfer_timing
"I lost my card and need a new one, will it cost me?",getting_spare_card
My card was stolen and used to make several purchases. Please freeze my card so no one can use it.,compromised_card
There has been a charge pending on my account statement that I can't figue out it's for a dollar.,extra_charge_on_statement
"My card has an expiration date, will you send a new one automatically?",card_about_to_expire
I would like to exchange currencies on the app. How do I do this?,exchange_via_app
Why is the exchange rate so high? This should have been a much higher amount of cash for that to apply.,wrong_exchange_rate_for_cash_withdrawal
"Hello. How long does it usually take to transfer money to another country? I've made sure all the information is correct, but the transfer still says that it's ""pending.""",pending_transfer
How do I get to the virtual cards?,getting_virtual_card
Can I have a duplicate second card?,getting_spare_card
Can you help me reset my passcode? I forgot it.,passcode_forgotten
Why would a cash withdrawal be pending?,pending_cash_withdrawal
Why isn't my cash deposit showing up in my account? I deposited it this morning.,balance_not_updated_after_cheque_or_cash_deposit
I didn't receive my money earlier and it says the transaction is still in progress. Can you fix it?,pending_cash_withdrawal
I transfered my balance a while back.  Why doesn't my account reflect this?,balance_not_updated_after_bank_transfer
What businesses accept this card?,card_acceptance
I need to see where my money came from.,verify_source_of_funds
"Change of location, need to change details",edit_personal_details
My beneficiary is unable to transact,beneficiary_not_allowed
I thought transfers were free. Why was I charged to transfer?,transfer_fee_charged
It seems that the rate I got is incorrect.,card_payment_wrong_exchange_rate
I made a purchase with my card and I was charged a fee for using it,card_payment_fee_charged
How can I exchange currencies in the app?,exchange_via_app
Can you tell me how to top up on my card?,topping_up_by_card
Please tell me how I can receive a physical card,order_physical_card
What do I do if the ATM took my card?,card_swallowed
How much money can I withdraw before fees? I noticed a fee on my card but I didn't think I had hit the limit of how much I could withdraw in a month.,cash_withdrawal_charge
"I tried to withdraw cash and got declined, why is that?",declined_cash_withdrawal
Can I set it up to add money every few days automatically while I am traveling?,automatic_top_up
How long does it take for a transfer to post,balance_not_updated_after_bank_transfer
How long do you have to wait to see your virtual card your ordered?,getting_virtual_card
Is it possible to do auto top up?,automatic_top_up
My friend says he hasn't received my transaction,transfer_not_received_by_recipient
How can my friends top up my account?,topping_up_by_card
Can someone else use my account if they have my phone?  I lost mine.,lost_or_stolen_phone
Please provide me a list of ATMs that accept my card.,atm_support
How can I check to see where my funds come from?,verify_source_of_funds
are SWIFT transfers an option?,top_up_by_bank_transfer_charge
"I was under the impression that you offer crypto top up; however,  it doesn't appear to be working. The money has now disappeared from my account so I need to know what the deal is?",top_up_reverted
can i go into my app to find my pin,get_physical_card
"My salary is received in the form of GBP. Is it necessary to configure this? If so, where is this done?",receiving_money
A wrong amount of cash we sent to me.,wrong_amount_of_cash_received
How long does a transfer transaction take?,transfer_timing
Please let me know what currency I can use to top up my account?,supported_cards_and_currencies
If I make a mistake can I cancel the transaction?,cancel_transfer
"I need to figure out what these charges are on my account. They've been coming out for a couple of days. Can i get all of this money back? Also, I need to freeze my card.",card_payment_not_recognised
How do I cancel a purchase?,request_refund
Can you give me info about what to do when my card expires?,card_about_to_expire
How do I transfer funds if I am paid in GBP?,receiving_money
I need help proving that this is really me and to verify my identity.,unable_to_verify_identity
What is the top-up limit on my cards?,top_up_limits
Is there a reason my new card hasn't arrived yet?,card_arrival
"I want to top up by using a credit card, which ones do you support?",supported_cards_and_currencies
what documents do i need to verify who i am,verify_my_identity
One of my card payments has reverted,reverted_card_payment?
"My transfer failed, why did that happen?",failed_transfer
WHAT IS THE MAIN REASON OF THIS PROBLEM,card_not_working
Transfers from the US how long will the wait be?,transfer_timing
I need to get some Euros for my holiday. Am I able to exchange some of my money?,exchange_via_app
My money is nowhere to be found? I talked up earlier and seen it. Now it has vanished. What is going on?,top_up_reverted
What do I need to do to get my new card which I have requested 2 weeks ago?,card_arrival
"My account says there are pending funds right now from withdrawing from an ATM, but my card was declined and I never took out any money. When will that money be deposited back into my account?",pending_cash_withdrawal
"I put money into my account in the form of a cheque, but my balance did not change.",balance_not_updated_after_cheque_or_cash_deposit
"Why am I being charged for ATM cash withdrawals? The only reason I use it is because it's been free! Now you expect me to pay for them, and how much is that going to cost me?",cash_withdrawal_charge
"There must have been a mistake, why was I charged an extra pound?",extra_charge_on_statement
I don't want to use this method to identify myself.,why_verify_identity
"My card has been declined by two separate ATM, and I'm worried something is wrong with my account. Would you please see if my account is okay?",declined_cash_withdrawal
What do I need to do to request cash back? The ATM actually just gave me the wrong amount. The app I actually chose the right amount.,wrong_amount_of_cash_received
I didn't know I was going to get charged to use my card.,card_payment_fee_charged
Set a new PIN please.,change_pin
My transaction went through but I was charged a fee. Why?,transfer_fee_charged
How can I pay for top-ups?,supported_cards_and_currencies
"My top-up hasn't gone through, what happened?",top_up_failed
"A 500 pound cash withdrawal was just made from my account, but I didn't make it. I am pretty sure my card has been compromised - can you help me?",cash_withdrawal_not_recognised
What is the price for a physical card?,order_physical_card
"I  have been charged more than I should for the presents I bought  when abroad, the problem seems to be the exchange rate.",card_payment_wrong_exchange_rate
How do you top-up using cash?,top_up_by_cash_or_cheque
I wasn't applied the correct exchange rate when getting cash,wrong_exchange_rate_for_cash_withdrawal
There is not a refund in my statement.,refund_not_showing_up
what are your exchange rates at?,exchange_rate
"Can I add other people to my account, so they can top up?",topping_up_by_card
is there a fee for swift transfer,top_up_by_bank_transfer_charge
When I was drunk I got my card stuck in your machine because i mis-typed my PIN. What do I need to do to get it restored?,pin_blocked
I believe you charged me too much to exchange my money,card_payment_wrong_exchange_rate
How do I deposit cash?,top_up_by_cash_or_cheque
Can I make transfers before my identity verification?,why_verify_identity
I bought something with my card and I was charged a fee,card_payment_fee_charged
I am not able to prove my identity,unable_to_verify_identity
I think I am a victim of fraud.  I noticed there was a charge on my account that I didn't do because I haven't touched my card today.  Can you please reverse the charge and refund my money?,direct_debit_payment_not_recognised
Is there a limit to my top-up?,top_up_limits
I will not be able to verify my identity.,unable_to_verify_identity
I made a cash withdrawal earlier and it's showing as pending.  What does that mean?,pending_cash_withdrawal
to cash withdrawals charge me?,cash_withdrawal_charge
"I want a Mastercard, instead.",visa_or_mastercard
Can you tell me why I haven't received my new card yet?,card_arrival
I think my card has been compromised in some way.,compromised_card
Some cash was missing at ATM.,wrong_amount_of_cash_received
I had to pay a fee when buying items with my card.,card_payment_fee_charged
"I sent a cheque to you a few days ago and the deposit has yet to appear in my account. I need this money, what is the problem?",balance_not_updated_after_cheque_or_cash_deposit
Delete my account now please.,terminate_account
I anticipate getting a Visa card,visa_or_mastercard
Do you have any age limit?,age_limit
I think I forgot my passcode,passcode_forgotten
Transfer was declined.,declined_transfer
Where did the money I deposit go??,balance_not_updated_after_cheque_or_cash_deposit
I have withdrawn cash from the ATM but it is showing in my account as a pending transation. Why is this?,pending_cash_withdrawal
Please inform me how to get a new card as mine is about to expire.,card_about_to_expire
Can you please explain how bank transfers work?,transfer_into_account
I need to cancel my recent transfer as soon as possible. I made an error there. Please help before it goes through.,cancel_transfer
How long does it take for cards to be delivered after ordering them?,card_delivery_estimate
I placed my order a week ago. Is it ok that my card isn't here yet?,card_delivery_estimate
Can I reset my PIN if it is blocked?,pin_blocked
Can you help me with proving my identity?,unable_to_verify_identity
Why am I being asked to verify my identity?,why_verify_identity
I had trouble with an incorrect rate being applied when using the ATM with foreign currency.,wrong_exchange_rate_for_cash_withdrawal
You've incorrectly calculated the exchange rate for my cash withdrawal,wrong_exchange_rate_for_cash_withdrawal
When are you going to transfer the money?,transfer_not_received_by_recipient
Is it possible for me to track the card is was mailed to me?,card_arrival
What do I do if my PIN was blocked?,pin_blocked
How long before I can see that my cash withdrawal has taken place?,pending_cash_withdrawal
My card will not work,card_not_working
I have a duplicate payment on my account,transaction_charged_twice
Where do I look for cash top up?,top_up_by_cash_or_cheque
Is there a limit on disposable cards?,disposable_card_limits
How long do transfers take to show up in my account?,balance_not_updated_after_bank_transfer
An incorrect exchange rate was applied to an item I bought.,card_payment_wrong_exchange_rate
"Soon my card will expire, how do I get a new one?",card_about_to_expire
Do I get charged for withdrawals?,cash_withdrawal_charge
"Hi, I have been transferring money to my friends since morning, but all my transactions were getting failed. Can you please look into this issue.",failed_transfer
Why hasn't my transfer gone through,failed_transfer
how soon will my card arrive?,card_delivery_estimate
"Is there a fee for making a payment? If so, let me know why.",card_payment_fee_charged
Can you tell me if there are limits to disposable virtual cards?,disposable_card_limits
What are the age limits for your service?,age_limit
how long should i wait ti activate my card,activate_my_card
Is there anywhere  In the  Eu  this card can not be delivered in,country_support
When will my deposit post to my account?,balance_not_updated_after_cheque_or_cash_deposit
My statement does not reflect that a refund has been issued,refund_not_showing_up
I think my top-up has failed.,top_up_failed
I'm confused. My contactless is suddenly not working anywhere that I try to use it. How do I fix it?,contactless_not_working
I had a decline on my card. Why?,declined_card_payment
Could you tell me why my cash withdrawal was declined?,declined_cash_withdrawal
My daughter would like a card from my account?  Can I do this?,getting_spare_card
I can't find my phone and I'm worried someone is going to use it,lost_or_stolen_phone
I need to exchange some foreign currency. What's the charge for doing that?,exchange_charge
How do I request a disposable virtual card?,get_disposable_virtual_card
Where is my recent refund in the my statement?,refund_not_showing_up
Do you accept cheques for top ups?,top_up_by_cash_or_cheque
"I lost my phone, what should I do?",lost_or_stolen_phone
Card delivery services? Where?,order_physical_card
Are there specific ATM's that I can draw money from?,atm_support
where do i find out about exchange fees,exchange_charge
"My details need to be changed, how can I do so?",edit_personal_details
How do I change my currency to another?,exchange_via_app
I don't think the exchange rate was right.,wrong_exchange_rate_for_cash_withdrawal
"I was trying to use my card and it was declined, when I tried to find out what happened I found cash withdraw for $500 that I didn't do.  Can you please help figure this out?",cash_withdrawal_not_recognised
I just looked over my statement and I don't recognize the name of a card payment.,card_payment_not_recognised
Are there charges for cash withdrawals?,cash_withdrawal_charge
Will you charge an extra fee for top ups?,top_up_by_card_charge
how to i go about getting my virtual card,getting_virtual_card
Where's the money I transferred into my account?,balance_not_updated_after_bank_transfer
"I made a big purchase that I regretted and cancelled, the merchant said that my refund was submitted. Can you confirm to me that all of my money was truly returned to me?",refund_not_showing_up
I am noticing that a refund of a large purchase still has not been credited to my account. I contacted the merchant a few days ago and he assured me that he would submit it right away. Is there a status update?,refund_not_showing_up
I am very dissatisfied with the services that you are providing.  I want to cancel my account.,terminate_account
There is a transfer not showing on my account.,balance_not_updated_after_bank_transfer
Where are you cards supported?,country_support
"I looked at my statement, and there is a charge for 1£ that I don't recognize.  Why is it on there?",extra_charge_on_statement
Can someone in the US have a card?,country_support
I can't get google pay to work right.,apple_pay_or_google_pay
For some reason I forgot the passcode I have.,passcode_forgotten
I don't want to verify my identity,why_verify_identity
I have a transfer that was approved that I'm urgently waiting for. How long am I supposed to wait for it?,pending_transfer
Please list what fiat currencies are supported for both holding and exchanging.,fiat_currency_support
"I reside in the US, but I want a card.",country_support
"I've got a problem - I purchased an item maybe a week or two ago, but to the payment came back to my account! I've already got what I ordered, so why are the payment funds showing up in my account?",reverted_card_payment?
Help! In the app there is a payment that I don't remember.,card_payment_not_recognised
How many cards am I allowed?,getting_spare_card
I got cash abroad and the exchange rate applied is wrong,wrong_exchange_rate_for_cash_withdrawal
What is the $1 transaction on my account?,extra_charge_on_statement
The payment on my card shows as pending.,pending_card_payment
The atm didn'y give me all the cash,wrong_amount_of_cash_received
I want to change the wrong exchange rate.,card_payment_wrong_exchange_rate
"I topped up recently and saw the money go through, but now it's just gone? What's going on",top_up_reverted
I tried to make a transfer like five different times. Why won't your system let me? Is it broke?,failed_transfer
In my account I noticed my ATM withdrawal is still pending,pending_cash_withdrawal
Is there an issue with my card payment as it has not gone through.,declined_card_payment
I have forgotten my passcode,passcode_forgotten
"Why is my transfer not working? I tried multiple times to transfer money, and all that happens is an error message pops up.",beneficiary_not_allowed
Where can I order a card?,order_physical_card
Why won't my card accept any transactions?,card_not_working
I can't see all the refunds in my statement,refund_not_showing_up
My transfer has been declined.,declined_transfer
"Can you help me with my card, I think it's broke.",card_not_working
I've tried completing a very standard transfer and have already attempted it 5 times. What's going on here? Is there a problem with your system?,failed_transfer
Can I deposit money using Apple Pay?,apple_pay_or_google_pay
I tried to top up but the app rejected it.,top_up_failed
Can you tell me how long it takes for a new card to come?,card_delivery_estimate
I noticed my card was used in a small town that I have never been to. Can you stop the card from being used more?,compromised_card
Does it cost anything to transfer money for a top-up?,top_up_by_bank_transfer_charge
Can you tell me why my transfer is pending still?,pending_transfer
I was charged a fee with my cash withdrawal that I shouldn't have been charged.,cash_withdrawal_charge
Why isn't my id verified?,unable_to_verify_identity
"While on vacation in Spain I think someone saw my PIN and I now need to change it, can I do this at an ATM in Spain?",change_pin
how to change name on account,edit_personal_details
How come my card payment is still pending?,pending_card_payment
Whats the minimum age to have an account,age_limit
I got charged a fee that shouldn't be there from my cash,cash_withdrawal_charge
What is the refund policy?,request_refund
Are there going to be fees from adding money with an international card?,top_up_by_card_charge
Why was I not allowed to do a transfer to a beneficiary?,beneficiary_not_allowed
Why is my top-up pending?,pending_top_up
I've forgotten my app passcode completely.,passcode_forgotten
It's been a week since I ordered my card and it's not here. Please help?,card_arrival
Why am I seeing a transfer fee on my bank statement?,transfer_fee_charged
Do I need to verify the top-up?,verify_top_up
"I'm interested in holding and exchange for flat currencies, what do you support?",fiat_currency_support
Is it possible someone has access to my card? I noticed that there are a couple of payments in the app I'm sure I did not make. Can you find out what's going on here?,card_payment_not_recognised
A transaction on my card shows as pending.,pending_card_payment
where can I see who sent me funds,verify_source_of_funds
how do i see what i transferred,balance_not_updated_after_bank_transfer
What countries are you available in?,country_support
How much longer do I have to wait until my transaction is complete? I transferred money to another country many hours ago and the transaction is still pending.,pending_transfer
How do you find the exchange rate?,exchange_rate
Show me how to look at the source of my current funds?,verify_source_of_funds
Why is my transfer taking so long to complete?,transfer_not_received_by_recipient
Is there a reason my refund isn't showing on my statement?,refund_not_showing_up
Why is my top-up showing as cancelled?,top_up_reverted
Why did my card payment get declined?,declined_card_payment
what cards and currencies are accepted?,supported_cards_and_currencies
How do I get my card into the app?,card_linking
What should I do if I think that someone might be using me card?,compromised_card
Hey I thought transfers were free.  Why are you charging me?,transfer_fee_charged
Where can I find my card PIN?,get_physical_card
Why is my transfer more expensive than I thought?,transfer_fee_charged
"How long does it take to transfer from china? Is there a way to transfer it quickly, I need it urgently?",transfer_timing
"I am seeing in the app, some cash witdhrawals that I did not authorize.",cash_withdrawal_not_recognised
"I had everything lined up to make a transfer, and then it rejected it.",declined_transfer
Help me activate my new card.,activate_my_card
Why hasn't my account updated?,balance_not_updated_after_cheque_or_cash_deposit
Please tell me which fiat currencies you support.,fiat_currency_support
Can turn my money into another currency?,exchange_via_app
What areas are cards delivered to?,order_physical_card
There is a strange card payment I don't recognise.,card_payment_not_recognised
Where are cards available to order?,order_physical_card
When can I expect my new card to get here?,card_delivery_estimate
Is the exchange rate the same on weekends as the weekdays?,exchange_rate
"The company is no good, please terminate my account.",terminate_account
Are there restrictions on disposable virtual cards?,disposable_card_limits
how do i set up my apple pay watch to connect to my account,apple_pay_or_google_pay
Can I order a new card to China?,card_about_to_expire
Can I use my account although my identity verification has yet to pass?,why_verify_identity
How do I receive a disposable virtual card?,get_disposable_virtual_card
My top up hasn't gone through,pending_top_up
In what increments can I top-up my card?,automatic_top_up
"Do you hold money and if so, what currencies do you accept?",fiat_currency_support
"How long do EU transfers actually take? I recently bought something online a few days ago, sent the money immediately online but the seller says it's still not there yet.",pending_transfer
How can I exchange to EUR?,fiat_currency_support
"Some cash was withdrawn in the app, but I did not do it.",cash_withdrawal_not_recognised
i dont recognize a charge on my card,card_payment_not_recognised
What businesses can I use this card with?,card_acceptance
How do I get unblocked?,pin_blocked
"My payment was put back, I think.",reverted_card_payment?
Can I order a card?,order_physical_card
"Someone has a copy of my card !! I definitely still have it here but someone just made a 500£ cash withdrawal, HELP!",cash_withdrawal_not_recognised
"I tried to top up, but it didn't finish.",pending_top_up
Yikes!  I didn't get the amount of money that I requested.  What do I do now?,wrong_amount_of_cash_received
would I need to pay extra for exchanging currencies?,exchange_charge
I don't understand why my payment was declined. I thought everything was ok.,declined_card_payment
"I have not received my card and it's been a week, what do I do?",card_arrival
Can I wait for you to send me a new card when mine's about to expire?,card_about_to_expire
My card payment has been cancelled,reverted_card_payment?
What are you exchange rates?,exchange_rate
My card hasn't shown up yet.,card_arrival
I did not make a direct debit payment as listed on my app,direct_debit_payment_not_recognised
How can i get new card?,contactless_not_working
Can I use my Apple Watch to pay for gas?,apple_pay_or_google_pay
I need more assistance with how to activate my card.,activate_my_card
"Hi! A seller that I requested a refund from a long time ago has yet to send the money into my account, even though I keep checking it. Can the seller be contacted by you guys to see what's going on?",refund_not_showing_up
I want to get a refund.,request_refund
My client was converting their Russian ruble into UK pound currency when they noticed their bill was much too high for the exchange. What happened?,card_payment_wrong_exchange_rate
why didnt a transfer to my account process,beneficiary_not_allowed
How can I find the source for my available funds and money?,verify_source_of_funds
"I used to know my password, but not anymore.",passcode_forgotten
I went to the Notting Hill ATM to use my card the first time for a cash withdrawal but it didn't work. Does this mean that my card isn't working yet?,declined_cash_withdrawal
How can I find your exchange rates?,exchange_rate
Where can I find the auto-top option?,automatic_top_up
Where can i find the virtual card?,getting_virtual_card
I think someone else is using my card.,compromised_card
I'm not happy with service and would like to delete this account.,terminate_account
"I've got a weird problem: I purchased something a week or maybe it was two weeks ago, and the funds have come back into my account! Can you explain this?",reverted_card_payment?
I am upset with your service.  Please delete my account.,terminate_account
I tried to get funds in hard cash but it was rejected!,declined_cash_withdrawal
Cancel a transaction,cancel_transfer
There is  a charge I don't recognize.,card_payment_not_recognised
Can I track my card while it is in the process of delivery?,card_arrival
I am wondering if International Transfers take longer. I a made a transfer from France two days ago and believed it would be here already. Please let me know when I will get it!,balance_not_updated_after_bank_transfer
I made a check deposit but the cash hasn't arrived in my account yet.,balance_not_updated_after_cheque_or_cash_deposit
"There's a payment with my card that I definitely didn't do myself, never seen that name before.",card_payment_not_recognised
How come I did not get a virtual card yet?,getting_virtual_card
can i create my own pin right away,get_physical_card
I was just contacted by a seller that let me know they didn't get my money even though I'm very sure it was removed from my account. Now it's back in my account. Get this resolved quickly.,reverted_card_payment?
"My new card isn't in my app, how do I get it in there?",card_linking
What proof of identification is needed?,verify_my_identity
"Hi, I used an ATM today to take money out of my account, but the amount it gave me is not the amount I requested. What should I do?",wrong_amount_of_cash_received
A percentage fee was charged to my withdrawal.,cash_withdrawal_charge
What country's money can I hold currency in?,fiat_currency_support
Can I exchange currencies usign this app?,exchange_via_app
can i verify my identity i the app,verify_my_identity
"This past holiday I made a withdraw at the ATM machine, and it seems I've been charged too much.",wrong_exchange_rate_for_cash_withdrawal
What kind of costs are involved for exchanging currency?,exchange_charge
My credit card for was not approved for a top-up transaction.  What happened?,top_up_failed
What steps do I have to take to change my PIN?,change_pin
The balance has not been updated.,balance_not_updated_after_bank_transfer
Is there a fee for topping up a card?,top_up_by_card_charge
Where are the ATMs that accept this card?,atm_support
At which locations can I order a card?,order_physical_card
Is there a strict timeline regarding disputing transactions made on my account? I just noticed a fraudulent charge on a statement from a couple months ago.,direct_debit_payment_not_recognised
I checked on google and the exchange rate you are using is really bad. Can you update it?,card_payment_wrong_exchange_rate
How long do bank transfers usually take?,balance_not_updated_after_bank_transfer
Can I use check to deposit?,top_up_by_cash_or_cheque
I was expecting my new card by now.,card_arrival
Should i uninstall the app before i try it again?,contactless_not_working
I don't know my password,passcode_forgotten
Please delete my account and personal information.,terminate_account
I withdrew cash and I think the exchange rate is wrong.,wrong_exchange_rate_for_cash_withdrawal
Can you explain why my payment was charged a fee?,card_payment_fee_charged
How long does it take to receive my card?,card_delivery_estimate
I tried to use the ATM with foreign currency. The conversion rate applied was wrong.,wrong_exchange_rate_for_cash_withdrawal
Do you have charges now when you pay with a card?,card_payment_fee_charged
What does it mean if my payment is pending?,pending_card_payment
"A WD was just made on my account, but it was not me and I still have my card.  What to do?",cash_withdrawal_not_recognised
Why is it taking so long for my money to appear in my account? I have been waiting a week!,balance_not_updated_after_cheque_or_cash_deposit
How do I troubleshoot when contactless doesn't work?,contactless_not_working
Card activation is not working. What do i do?,activate_my_card
A fee came along with me paying with card,card_payment_fee_charged
How do I get a new card when my old one expires?,card_about_to_expire
I can't log in with this passocde,passcode_forgotten
Why was my transfer charged a fee?,transfer_fee_charged
At what age can my children use your service?,age_limit
There was a transaction this morning that I'd like to reverse.,cancel_transfer
The card that I have isn't working. This is the physical card.,card_not_working
Why is your exchange rate different on different days?,exchange_rate
I transferred some cash and it didn't arrive,transfer_not_received_by_recipient
Why is there a €1 charge on my statement?,extra_charge_on_statement
What if I type in the wrong PIN too many times?,pin_blocked
Your machine took my card. How do I get it back?,card_swallowed
"I may no longer need GBP, but instead I will need AUD, how can I go about making this change?",exchange_via_app
Can you tell me why my top-up failed?,top_up_failed
What stipulations do disposable cards entail?,disposable_card_limits
When do i activate auto top-up?,automatic_top_up
The transfer on my account is not showing up.,balance_not_updated_after_bank_transfer
"Hello, my transfers are getting failed continuously, in spite of the fact that all the recipient details are correct. Please advise.",declined_transfer
Why did my card get charged twice for a transaction?,transaction_charged_twice
How do I top up by cheque?,top_up_by_cash_or_cheque
"This is frustrating, I'm at work and my transfers are not going through. I keep getting an error message, I do not have time for this.",beneficiary_not_allowed
I goofed up and used the wrong account.  Please help.,cancel_transfer
Can you tell me the limit for top ups?,top_up_limits
I would like to know where my source of funds came from.,verify_source_of_funds
top up by my card is that possible?,topping_up_by_card
Is there anything to do because my phone was stolen?,lost_or_stolen_phone
Help!  The app has an ATM withdrawl that I didn't make.,cash_withdrawal_not_recognised
I want to talk about an order that I placed a long time ago and have yet to receive. I demand a refund due to lack of delivery of the product!  I refuse to pay for something I never got.,request_refund
I need urgent help. I realize I sent my payment to the wrong account number. I made a typo. Please cancel the transfer now. There isn't an option from the app.,cancel_transfer
I requested for a top-up but it has not reflected,top_up_failed
"Hearing back from us regarding your important verification results may take 10 minutes to one hour time.  If verification results do fail, double-check to make sure all of your images are clear --  make sure your photos have no glare or blurring. Note: These photos need to be readable as well.  You also need to be 18 years of age or older.  You must be a resident of Switzerland or the European Economic Area to open a new account.",unable_to_verify_identity
My card payment doesn't work.,declined_card_payment
What documents are required for proof of identity?,verify_my_identity
Can I use a cheque to top up my account,top_up_by_cash_or_cheque
How do a reverse a duplicated charge?,transaction_charged_twice
Can you tell me what is wrong ? I top-up with you all the time but this time it just shows my top-up as pending. What is happening?,pending_top_up
My address details have changed and I want to update them,edit_personal_details
"My money is gone. I had topped up recently and saw it was there, but now it's disappeared, what's going on?",top_up_reverted
How can I exchange GBP for AUD?,exchange_via_app
How can I get money in my home currency while I'm traveling internationally? I wanted to take it out of a local ATM but am worried that I will get charged extra fees.,wrong_exchange_rate_for_cash_withdrawal
What is identity check?,why_verify_identity
Am I able to top up with this cheque I received?,top_up_by_cash_or_cheque
When will the transaction post to my account?,pending_transfer
A transfer was not allowed to an account.,beneficiary_not_allowed
Where is an ATM?,atm_support
My card payment did not go through.,declined_card_payment
My contactless payments don't work.,contactless_not_working
Why is my transfer stuck on pending?,pending_transfer
Is a tracking number available for the card that was just sent?,card_arrival
I would like to use this cheque to top up.  Can you tell me how to do that?,top_up_by_cash_or_cheque
Where can I find the verification code for a top-up?,verify_top_up
Why would my payment still show as pending?,pending_card_payment
Can my teenager have an account?,age_limit
Are cards delivered to my location?,order_physical_card
why is my top up failing,top_up_failed
I made a transfer from France a couple days ago and don't see the transaction yet. How long does an international transfer take?,balance_not_updated_after_bank_transfer
details need to be modified,edit_personal_details
What's the problem? I thought you offered crypto top up. This doesn't appear to be working at all. My money has now vanished from my account.,top_up_reverted
Can you show me how to verify the top-up card?,verify_top_up
I want to transfer some money from my other bank account into this one.,transfer_into_account
Do I get charged for a top up from a European bank?,top_up_by_card_charge
I think I was charged by mistake on my debit statement.,direct_debit_payment_not_recognised
Where can I update my pin number?,change_pin
How long does it take for pending transfer transactions to post?,pending_transfer
My plans may change so I may need to change from GBP to AUD.,exchange_via_app
I bought an item and now I want a refund.,request_refund
I think the exchange rate for the cash I withdrew wasn't correct.,wrong_exchange_rate_for_cash_withdrawal
"There are multiple instances where you added a fee to the payment, as well as some where you didn't. Do you have an outline of when a fee will be added?",card_payment_fee_charged
Are you aware of any charges for receiving money?,top_up_by_bank_transfer_charge
How do I know when my card will expire?,card_about_to_expire
Is there an allowance on cards?,card_payment_fee_charged
Do you give refunds?,request_refund
I need my card as quick as possible,card_delivery_estimate
Am I able to get both a Visa and MasterCard from you?,visa_or_mastercard
I want to transfer money. How do I do that for my account?,transfer_into_account
Why is my card payment still a pending transaction?,pending_card_payment
I am still waiting on my card?,card_arrival
I need to renew a card that's about to expire,card_about_to_expire
I didn't receive the correct exchange rate for an item that I bought.,card_payment_wrong_exchange_rate
How does the exchange rate work?,exchange_rate
My credit card transaction was declined for a loan payment.  Can you tell me why?,top_up_failed
I see an unfamiliar Direct Debit payment.,direct_debit_payment_not_recognised
"i made a payment with my card and was charged a fee, why would you do that",card_payment_fee_charged
Why are my transfers not going through.  I have tried over 4 times to get it to work.  This is just a simple transfer.  Is something else causing this in the system?  Is it broken?,failed_transfer
My currency rate is inaccurate.,card_payment_wrong_exchange_rate
Which part of the app do I order virtual cards from?,getting_virtual_card
I've tried using my card multiple times and it keeps getting declined.,declined_card_payment
Why do I have a strange payment on my statement?,card_payment_not_recognised
"I made a bank transfer from my UK account today, but it's not showing.  Can you check status?",balance_not_updated_after_bank_transfer
Where is my money transfer?,transfer_timing
Can I transfer money to my account with the app?,transfer_into_account
Can the card was sen to me be tracked?,card_arrival
I need to know what is going on. I'm attempting to purchase a flat and need the money to pay on my initial mortgage payment. I'm only getting an error. Can you find out what's going on and help in making the transfer?,failed_transfer
When do I see my recent refund in my statement,refund_not_showing_up
How long do European transfers take?,transfer_timing
Can I set the account to auto top-up?,automatic_top_up
"I have the funds, why can I not use my top-up?",top_up_failed
"Bank transfer to account did not show up, please help?",balance_not_updated_after_bank_transfer
How long does it take for my physical card to be delivered.,card_delivery_estimate
I was supposed to get a refund but it is not showing up on my card,refund_not_showing_up
I am still waiting for the cash to be returned from a cheque I deposited!,balance_not_updated_after_cheque_or_cash_deposit
Can I have another card in addition to my first one?,getting_spare_card
Can I give a second card for this account to my daughter?,getting_spare_card
Why is there an extra charge on my statement.,extra_charge_on_statement
Are there directions to get a new passcode if I forgot mine?,passcode_forgotten
I misplaced my card and I dont know where the last place is where I used the card last. Can you look at my account and tell me the last place I used the card?,lost_or_stolen_card
A withdrawal is showing that I don't recognize,cash_withdrawal_not_recognised
How can I verify if a cash withdrawal was made from my account? I still have my card with me but I did not authorize the withdrawal that just occurred.,cash_withdrawal_not_recognised
How do I make my top up complete?,pending_top_up
is it possible to cancel transactions?,cancel_transfer
The ATM kept my card?,card_swallowed
My card was rejected,declined_card_payment
I heard you have virtual cards. How do I get one?,getting_virtual_card
Why is  my balance not updated?,balance_not_updated_after_bank_transfer
I was trying to top-up and my credit card was declined. Can you tell me why?,top_up_failed
I used my card to top up but it's saying it is still pending. What does this mean?,pending_top_up
There is a card payment I'm not familiar with.,card_payment_not_recognised
When will my cheque be processed?,balance_not_updated_after_cheque_or_cash_deposit
"While abroad, I got cash, and the exchange rate applied is wrong.",wrong_exchange_rate_for_cash_withdrawal
How do I reactivate my card?,card_linking
I was overcharged a pound.,extra_charge_on_statement
Verify top-up card help?,verify_top_up
What is the handling fee for transfer?,top_up_by_bank_transfer_charge
Why was I charged for payments? You didn't warn me about additional fees.,card_payment_fee_charged
What is limit of disposable cards  I can make per day?,disposable_card_limits
who charged my card,transfer_fee_charged
Are you able to guide me to my card's location?,lost_or_stolen_card
"If I top up by card, what options do I have re: currency and card type?",supported_cards_and_currencies
I bought some things in the morning but the payment shows as pending,pending_card_payment
What is the basis of your exchange rates?,exchange_rate
Why am I seeing a fee for transferring money?,transfer_fee_charged
Will you be able to exchange to EUR?,fiat_currency_support
I am unable to prove my identity,unable_to_verify_identity
"Do you not accept crypto transfers from certain places? Because when I tried to do a top up the money just disappeared. Im not sure what to do or what I'm doing wrong, please help.",top_up_reverted
Why does my transfer still say it is pending?,pending_transfer
"I'm trying to make a payment to my new landlord. Even though the payment was sent a few days ago, it isn't clearing on their side. Can you verify that payment has been made?",transfer_not_received_by_recipient
I need my refund as soon as possible. What else do I have to do?,refund_not_showing_up
Where is my top-up verification code?,verify_top_up
Can an apple watch be used to tup-up?,apple_pay_or_google_pay
When will my new card arrive?,card_arrival
"I made a purchase this morning, and it is showing as pending.",pending_card_payment
Help me unblock my PIN.,pin_blocked
what's my top-up verification code?,verify_top_up
Why is my card payment cancelled?,reverted_card_payment?
Do you support top ups?,top_up_reverted
why do you verify the top up,verify_top_up
why hasn't my virtual card arrived?,getting_virtual_card
i tried to withdraw money but was told i didn't have funds,declined_cash_withdrawal
What do I do if my card is stolen?,lost_or_stolen_card
do i have to talk to someone to close an account or can i in the app,terminate_account
"Something is wrong with the top up! I'm a regular customer and use your service all the time, usually this works but now it just shows up as pending",pending_top_up
I got a strange fee when I used the ATM.,cash_withdrawal_charge
"I just took some cash out of a cash machine in Heathrow airport because I wanted to buy some new sunglasses for my holiday but you've added a fee to the withdrawal, what is this?",cash_withdrawal_charge
The card payment I made didn't work.,declined_card_payment
Where do i find my PIN?,get_physical_card
Hi. I noticed I have a duplicate charge which I have not made twice. Who should I talk to take care of this?,transaction_charged_twice
can the delivery be specific to my needs?,card_delivery_estimate
I got a declining message during a transfer? please tell me why,declined_transfer
how to exchange currencies,exchange_via_app
I made a purchase earlier today but it is still listed as pending- when will it go through?,pending_card_payment
Does the package with my card have tracking?,card_arrival
I just bought an item and would like to stop payment can you tell me if the item has been sent yet?,request_refund
Is there a charge for using an European bank card for top up?,top_up_by_card_charge
I have a reverted top up I made and wanted to know why it didn't go through.,top_up_reverted
I got less cash than what I specified for through the ATM.,wrong_amount_of_cash_received
What are the restrictions on auto top-up?,automatic_top_up
Why am I being charged more on exchange with things I bought abroad?,card_payment_wrong_exchange_rate
I need to cancel a transfer,cancel_transfer
Which currencies do you accept for adding money?,supported_cards_and_currencies
Why has my top up failed?,top_up_failed
What is needed for my daughter to open an account?,age_limit
what is this fee for transfering,transfer_fee_charged
"I notice a transaction a couple of weeks ago in my account, from a seller that I don't recognize. Is there a way we can trace back the information to make sure it was truly something I did?",direct_debit_payment_not_recognised
Can you lookup my password?,passcode_forgotten
Why would my card payment not work?,declined_card_payment
Will I receive all the money sent to my account by SEPA transfer?,top_up_by_bank_transfer_charge
How do I know where the funds come from?,verify_source_of_funds
I would like to terminate my account.,terminate_account
Do top-ups have limits?,top_up_limits
Will I get charged for sending out more cards?,getting_spare_card
"I have arranged a transfer, but no longer need to send it. How do I stop the transfer?",cancel_transfer
Who do I talk to for transactions debited twice?,transaction_charged_twice
What are the disposable cards for?,get_disposable_virtual_card
How do I dispute a direct debit transaction?,direct_debit_payment_not_recognised
I sent money to someone but they haven't gotten it yet,transfer_not_received_by_recipient
What do I need for the identity verification?,verify_my_identity
I made a card payment but it didn't work. Why not?,declined_card_payment
I need to order a new card as my old one will expire soon. Can you tell me how to order a new one?,card_about_to_expire
How can I get my card out of the stupid ATM that ate it?,card_swallowed
"I normally have no issues making transfers, so why am I suddenly being told it is not possible?",beneficiary_not_allowed
can i use my app to get a virtual card,getting_virtual_card
When I made a cash transfer abroad the wrong exchange rate was applied,wrong_exchange_rate_for_cash_withdrawal
How long does it take for a new card to ship?,card_arrival
How many transactions can I do with a disposable card?,disposable_card_limits
What happens if I deposit a cheque accidentally?,balance_not_updated_after_cheque_or_cash_deposit
I tried to get cash in the ATM but it was not approved,declined_cash_withdrawal
Can I have more physical cards?,getting_spare_card
Is my card accepted anywhere?,card_acceptance
What is the amount of time transfers usually take from the UK? I had just completed a transfer and nothing seems to be showing up so I need to be sure things are alright.,balance_not_updated_after_bank_transfer
My card payment has been stuck on pending. What is the problem? It should have gone through by now.,pending_card_payment
Please could you give me a refund,request_refund
"I attempted a transfer, but it failed.",failed_transfer
What is this extra pound charge for?,extra_charge_on_statement
What is going on with my cash deposit. I'm looking at my account balance and it is not there. It has been almost a week. Someone better get back to me asap.,balance_not_updated_after_cheque_or_cash_deposit
Can you give me the restrictions of the disposable cards?,disposable_card_limits
I tried to pull cash from an ATM but it wouldn't let me.,declined_cash_withdrawal
Will I be charged any fees if I want to add money with an international card?,top_up_by_card_charge
Can I use visa or mastercard with your service,visa_or_mastercard
I am not recognized by the app.,unable_to_verify_identity
What is this cash withdrawal on my statement?,cash_withdrawal_not_recognised
I tried activation my card and it didn't employment,activate_my_card
I do not see the card PIN anywhere?,get_physical_card
Where can I find a Mastercard ATM?,atm_support
Why is my last cheque deposit taking so long?,balance_not_updated_after_cheque_or_cash_deposit
What can I expect at card expiration?,card_about_to_expire
I used the wrong account.,cancel_transfer
I have kids and I'm curious at what age could they start to use your service.,age_limit
How long would does it take for a seller to receive an EU transfer if I bought something from them and sent them the money immediately?,pending_transfer
"Ive been trying to use my card for two weeks now to purchase somethings online but nothing is going through. It keeps returning my payment to my account. There shouldn't be anything wrong with my account, is it the card?",reverted_card_payment?
I think my card is stolen!,lost_or_stolen_card
Why has my card been charged an extra pound?,extra_charge_on_statement
Should I keep waiting for my card to be delivered?,card_arrival
I tried to buy something online yesterday and got a message saying declined. I tried again today and got the same message. What's the problem?,declined_transfer
How can I change my password?,passcode_forgotten
What fee will be charged for exchanges?,exchange_charge
"I think I was charged twice, please help!",transaction_charged_twice
Can you please inform me of the restrictions for the disposable cards.,disposable_card_limits
I am having problems with my physical card.,card_not_working
How do I receive more physical cards,getting_spare_card
What reasons would a topup fail?,top_up_failed
"Please help me, there is a transaction in the incorrect account.",cancel_transfer
Please tell me how to verify my top up card.,verify_top_up
how does my statement get updated so i know when a refund will reflect on my balance,refund_not_showing_up
What ID do I need to verify my identity?,verify_my_identity
Is there a longer processing time for international bank transfers?,balance_not_updated_after_bank_transfer
What is the greatest number of times that I can top-up?,top_up_limits
Can you tell me when my money transfer will go through,pending_transfer
Why was my withdrawal declined,declined_cash_withdrawal
What are the top up fees for using an European bank card?,top_up_by_card_charge
How can I know where did my funds come from?,verify_source_of_funds
I didn't make these transactions. Is someone else using my card?,compromised_card
Can I change my pin number at a cash machine?,change_pin
My contactless stopped working today for no good reason. It's not working no matter where I try to use it. Can you please help me fix it?,contactless_not_working
My transfer to a beneficiary was rejected.,beneficiary_not_allowed
"For my account, how do I transfer money in?",transfer_into_account
What does it mean if my cash withdrawal does not show up properly?,pending_cash_withdrawal
I think my card payment was cancelled. What happened?,reverted_card_payment?
"If I'm getting my identity verified, what all do I need?",verify_my_identity
I payed my rent to my landlord a few days ago and he is saying the it never went though. Everything looks good to me and I even double checked the account number. I don't know what could be causing the confusion. Can you help me please?,transfer_not_received_by_recipient
Why did I get charged a fee for my card payment?,card_payment_fee_charged
Could you please put a freeze on my card?  There are some payments on it that I don't know where they came from.,card_payment_not_recognised
"Is my card working? It's the first time I tried using it I tried to get money out of an ATM, but got nothing.",declined_cash_withdrawal
A few hours ago I made a bank transfer from my UK account but I don't see that it has arrived.   Can you check and see if all is ok please?,balance_not_updated_after_bank_transfer
"It looks like someone besides me ordered something with my card, what should I do?",compromised_card
"There are a couple payments with my card shown in the app that i really make myself. What's going on with this, maybe someone has access to my card?!",card_payment_not_recognised
I added money to the card but the transaction didn't go through,pending_top_up
Why am I having trouble withdrawing cash?,declined_cash_withdrawal
I live in Germany. Is that one of the countries you are in? What other countries are you in?,country_support
Why has my top-up been returned to my account?,top_up_reverted
I think my card payment was reverted,reverted_card_payment?
What is the closest ATM?,atm_support
A while ago i requested a refund from a seller. I keep checking my statement but I have not been refunded yet. I'm confused why i haven't gotten my money back yet but I need your help getting it please.,refund_not_showing_up
What ATMs can I use this card?,atm_support
I made an ATM withdrawal over the holiday and then later realized I was charged an exorbitant fee!  I never would've made this withdrawal if I'd known I'd be charged so much.,wrong_exchange_rate_for_cash_withdrawal
can i get a physical card online,order_physical_card
"If you to to account, hit activate, and follow the instructions, you can activate it in just a few seconds.",activate_my_card
I need my payment in another currency,receiving_money
I'm getting an error when trying to make a payment. I want to purchase a flat but my mortgage payment needs to go through. Can you help me?,failed_transfer
What are these disposable cards meant for?,get_disposable_virtual_card
Help! I just realised someone has apparently withdrawn money using my card! It's from some odd remote town where I definitely haven't been. Please freeze it immediately!,cash_withdrawal_not_recognised
My money transaction can't be seen by the person I sent it to,transfer_not_received_by_recipient
There is a direct debit transaction that I did not authorize,direct_debit_payment_not_recognised
"When I top-up, the app reverts it.",top_up_reverted
Where did this extra €1 fee on my statement come from?,extra_charge_on_statement
It won't let me activate my card.,activate_my_card
My source of funds require verification.,verify_source_of_funds
What is the timeframe for a transfer in Europe?,transfer_timing
Tell me if there is a top-up limit.,top_up_limits
What value can I get for my currency?,exchange_rate
A withdraw I tried to make at the ATM was declined I don't know why.,declined_cash_withdrawal
"Given a choice, I'd rather have Mastercard.",visa_or_mastercard
"My salary is in GBP, is this something I need to configure?",receiving_money
I need to cancel my recent transfer. I made a mistake. Please help quickly before the transfer goes through.,cancel_transfer
Please send my refund now.,refund_not_showing_up
What fees are there for adding money using an international card,top_up_by_card_charge
"Looks like my card payment was made twice by mistake. I paid at the store earlier which rejected once, second time it worked. App stays at pending for one of the payments. Can you please remove one of them as it's wrong and clearly was declined?",transaction_charged_twice
I wasn't allowed to transfer to my account,beneficiary_not_allowed
How many disposable  cards are available per account?,disposable_card_limits
My card isn't here yet.,card_arrival
A payment I made is for a wrong amount can you help me correct the mistake.,cancel_transfer
My virtual card is just not going through.,virtual_card_not_working
Why aren't my payment funds available to me?,pending_card_payment
Is there a way to use this app with a disposable virtual card?,get_disposable_virtual_card
"I don't see my refund money yet in my account. I asked the merchant a while ago for a refund, so I don't know what's taking so long.  Can you look into it and see if the money is there, just not in my account yet?",refund_not_showing_up
How do I know how much money I will have when I travel abroad?,exchange_rate
I have double-checked all of my recipient details but for some reason all of my transfers keep getting declined. I have no clue as to why.,declined_transfer
Why was there an extra charge because I used my card to pay?,card_payment_fee_charged
Why is my identity verification process not working?,unable_to_verify_identity
Do I have to pay for a second card?,getting_spare_card
"I got cash from an ATM earlier but it shows up as pending in the app. How can this still be pending, I already received the cash?",pending_cash_withdrawal
I am quite aggravated that I ordered online almost a month ago and I never got my package and I paid for it. I would really appreciate it if I could get a full refund back now.,request_refund
Where can I sign up for a virtual card?,getting_virtual_card
I made a transfer to my friend earlier and she hasn't received it yet.  What's the hold up?,transfer_not_received_by_recipient
Tell me how a top up would be reverted.,top_up_reverted
How can i get a refund for something i just bought?,request_refund
Who should I talk to or go to resolve a duplicate charge on my statement?,transaction_charged_twice
I made a transfer recently but it has not changed on my dashboard.,pending_transfer
"I'm trying to move money from my account to elsewhere, but it's giving me an error message.",declined_transfer
I live in the US and I would like to get a card. How do I go about getting one?,country_support
I made a top up yesterday but it's still pending.,pending_top_up
Can I automatically top-up when traveling?,automatic_top_up
How long does it take for a money transfer to show up?,pending_transfer
Am I charged for receiving money?,top_up_by_bank_transfer_charge
I'm sure I have enough money so why didn't the store accept my card?,declined_card_payment
I would like to top up my account automatically. How do I do that?,automatic_top_up
When I'm traveling is it possible to add money automatically at certain time points?,automatic_top_up
"When I attempted to make a transfer, it failed.",failed_transfer
I can't get cash from the ATM!,declined_cash_withdrawal
Why is my payment declined? It looked like everything worked ok and my account was fine.,declined_card_payment
I didn't get all the money I asked for,wrong_amount_of_cash_received
I'd like to open an account for my children. How can I do that?,age_limit
What is the process for unlocking the pin?,pin_blocked
What form of identification is accepted?,verify_my_identity
Will the duplicated payment be refunded?,transaction_charged_twice
Where do I order a virtual card?,getting_virtual_card
What ATM accepts Mastercard?,atm_support
IS there anywhere that a card cannot be delivered?,order_physical_card
There was a charge made on my card from a couple weeks ago and I don't remember making the purchase. Nor do I remember the company itself. Can we trace this at all to confirm if I did it or not?,direct_debit_payment_not_recognised
what is the word?,direct_debit_payment_not_recognised
Can I get a refund?,request_refund
I couldn't make a transfer,failed_transfer
If I don't have much money in the account can I auto top-up?,automatic_top_up
Can I increase my top-up maximum?,top_up_limits
Would it be possible to open up an account for children?,age_limit
My cash withdrawal isnt showing on my account,pending_cash_withdrawal
With my credit card i would like to transfer money.,topping_up_by_card
I tried the wrong PIN too many times.,pin_blocked
Can I top-up by cheque?,top_up_by_cash_or_cheque
How much does it cost to exchange my balance into a foreign currency?,exchange_charge
I have been charged twice on my statement.,transaction_charged_twice
"help, lost my card",lost_or_stolen_card
Do you have any top-up limits?,top_up_limits
The card has suffered a security breach.,compromised_card
Can I use google pay to top up?,apple_pay_or_google_pay
Someone that I had to send money to told me that they didn't receive the full amount I sent them - can you look into this?,transfer_fee_charged
Please help revert my transaction from this morning.,cancel_transfer
What should I do if the atm eats my card?,card_swallowed
My ATM transaction was cancelled.,declined_cash_withdrawal
"I made a transfer and the receiver said an amount was received, but less than the right amount. I now have to transfer more to get the remainder to the receiver. Can you tell me about this. What's been going on?",transfer_fee_charged
can I use my card before identity verification?,why_verify_identity
"I received my card, how do I get it to work in the app?",card_linking
I can't find the auto-top up option.,automatic_top_up
How long will it take to transfer something to China urgently?,transfer_timing
"Hi, Today i have withdrawn cash from ATM but i got wrong amount and in the app it is showing much more amount than that.",wrong_amount_of_cash_received
How do I change my passcode?,passcode_forgotten
What do I do if I completed a money transfer but the recipient hasn't received it?,transfer_not_received_by_recipient
Will my employer be able to pay me with this service,receiving_money
Problems with my top up,top_up_failed
Do you charge for making a withdrawal? I took some money out of my account earlier and I was charged for this.,cash_withdrawal_charge
top up with credit card,topping_up_by_card
What kind of fee is there to top-up my account?,top_up_by_bank_transfer_charge
"I'm going on a trip soon and I needed to convert my Russian ruble to UK pounds, but when I did, your company charged me above the exchange rate. Did you mess up my transaction?",card_payment_wrong_exchange_rate
Help me access the card I already got so I can information from it.,card_linking
what to do about stolen phone,lost_or_stolen_phone
Is there a Mastercard ATM nearby?,atm_support
"I logged in wrong and am blocked, how do I log in?",pin_blocked
If I have a physical card can I link it?,card_linking
"I thought I lost my card but I found it today, so I would like to reactivate it.",card_linking
"I was charged twice, when I didn't purchase anything twice.",transaction_charged_twice
My card is almost going to expire.,card_about_to_expire
I tried activating my card and it doesn't work how do I solve this problem?,activate_my_card
"Even though I made a cash deposit, I am not seeing it in my account.",balance_not_updated_after_cheque_or_cash_deposit
What exchange rate will I receive?,exchange_rate
I sent a cheque a few days ago and i noticed that no money has been put on my account. Can you please tell me the situation of my account?,balance_not_updated_after_cheque_or_cash_deposit
I need to cancel a purchase that I made the other day.,request_refund
Why do you keep declining my transfers? it's always been working really well so far but when I tried to buy something just now the card got declined . I tried couple of times already  but same thing is happening .,declined_transfer
If my card was lost or stolen can I re-link it?,card_linking
Is it possible to link a new card?,card_linking
Help me to set up contactless payments.,contactless_not_working
Help me cancel a transaction.,cancel_transfer
How many disposable cards can I have at one time?,disposable_card_limits
"A card has been sent to me, how do I track it?",card_arrival
How long is the wait for a money transfer to post?,pending_transfer
Why am I being charged to transfer funds?,transfer_fee_charged
The ATM didnt let me get cash,declined_cash_withdrawal
"I am trying to exchange AUD for GBP, how do I do that?",exchange_via_app
Why is my 'top up' not showing up in my wallet?,topping_up_by_card
how long until a cash withdrawal will show on my account,pending_cash_withdrawal
What should I do if my passcode won't work?,passcode_forgotten
Please provide me with the restrictions of the disposable cards.,disposable_card_limits
I am very upset that i went to use my new card today and it kept getting declined. Why is this happening and what do I do to not have it declined?,declined_card_payment
"Do I need to select a preference to receive my salary payments in GBP and, if so, where?",receiving_money
Where do I go to order my card?,order_physical_card
How long does it take for a payment to change from pending?,pending_card_payment
Payment did not process,beneficiary_not_allowed
I would like to reactivate my card that I previously reported lost. I located the card this morning.,card_linking
Can I make an account for my daughter?,age_limit
I need to change my last name on my account because I just got married.,edit_personal_details
How long does it take for money to transfer as my balance hasn't been updated,balance_not_updated_after_bank_transfer
What kinds of cards can I use to top up?,supported_cards_and_currencies
"I'm trying to verify my top-up card, but I can't find the code...?",verify_top_up
What is the maximum for top-ups?,top_up_limits
"My transaction history is looking a little off. I have been charged twice for multiple different purchases, and would like to have those duplicate charges refunded.",transaction_charged_twice
What places accept my card?,card_acceptance
I believe that the rate of exchange for my cash withdrawl is incorrect.,wrong_exchange_rate_for_cash_withdrawal
How is the PIN delivered?,get_physical_card
I look but I see no virtual card. Why is that?,getting_virtual_card
How do I get a refund for an unauthorized direct debit payment?,direct_debit_payment_not_recognised
I did not do this payment,card_payment_not_recognised
I can't seem to get my virtual card to work.,virtual_card_not_working
I didn't make the direct debit payment on my account.,direct_debit_payment_not_recognised
I'm not sure what I need to verify my identity.,verify_my_identity
I bought something and I take issue with the exchange rate applied.,card_payment_wrong_exchange_rate
I need a Visa and a Mastercard from you.,visa_or_mastercard
What do I do if i accidentally broke my card?,card_not_working
What do I do if there is an electronic debit that is not correct?,direct_debit_payment_not_recognised
Why can't I take cash out of the ATM?,declined_cash_withdrawal
How long does it take for something to be delivered to the U.S?,card_delivery_estimate
There is a debit transaction on my statement that I did not make,direct_debit_payment_not_recognised
How do I reset my password?,passcode_forgotten
Next time maybe let people know that buying things from another country costs extra. I used my card to purchase an item from another country and I was charged for the item and also an extra fee it looks like. I wasnt aware of this and I think I should get a refund.,transfer_fee_charged
"My phone was stolen yesterday, can you help me with this?",lost_or_stolen_phone
How can I find out about an extra fee on my statement?,extra_charge_on_statement
The recipient can not locate funds.,transfer_not_received_by_recipient
Someone might be using my card.  What should I do?,compromised_card
I was charged the wrong exchange rate on a purchase,card_payment_wrong_exchange_rate
Why did I get charged extra?,card_payment_fee_charged
I have a new card and I need to activate it.,activate_my_card
I need assistance activating my card?,activate_my_card
Why is my beneficiary being denies?,beneficiary_not_allowed
How do you determine your exchange rates?,exchange_rate
How old do kids have to be to open an account?,age_limit
What is the source of funds for my money?,verify_source_of_funds
I added money but my top-up wasn't processed by the app.,top_up_failed
Can you tell me whats going on with my card it seems to be not working?,card_not_working
can you tell me why my card was declined?,declined_card_payment
Why was I charged a fee for withdrawing money?,cash_withdrawal_charge
How much are the rates of exchange?,exchange_rate
My payment has an incorrect exchange rate.,card_payment_wrong_exchange_rate
Is there a minimum age for having an account?,age_limit
Can I pay with my card anywhere?,card_acceptance
What steps do I take to unblock my PIN?,pin_blocked
Why is my card payment still pending?,pending_card_payment
Can I activate my card with the app?,activate_my_card
Won't let me top my card up!! Who can get it sorted out for me? It's urgent! How do I find out what the problem is with my card and how else to top it up?,top_up_failed
Please sort your top up! My top up has been pending for an hour already. Can you please make it go through as soon as possible. I really need the money.,pending_top_up
I want to transfer money from another account into this one.,transfer_into_account
Can you tell me the restrictions for the disposable cards?,disposable_card_limits
Can I check my recent refund in my statement?,refund_not_showing_up
Are new cards available from China?,card_about_to_expire
Can I change my PIN?,change_pin
Why was I charged a fee for using my card,card_payment_fee_charged
"I should only have one charge, but it shows two.",transaction_charged_twice
Top-up is not working,top_up_failed
Where in the app do I link a new card?,card_linking
I wanted to take out $100 but I only got $20.,wrong_amount_of_cash_received
What do I do if I have exceeded all my PIN tries?,pin_blocked
What forms of ID should I use for verification?,verify_my_identity
I am missing a refund amount on my account.,refund_not_showing_up
Where would I order a virtual card?,getting_virtual_card
Why do you need me to verify who I am?,why_verify_identity
I would like to better understand why my pass-code is not working.,passcode_forgotten
When my card expires what is the cost of a replacement and how fast?,card_about_to_expire
"Please, tell me why I can't have the funds I deposited a week ago? I need the money now.",balance_not_updated_after_cheque_or_cash_deposit
why hasn't my cash arrived yet from my cheque?!,balance_not_updated_after_cheque_or_cash_deposit
which identity details are required,why_verify_identity
I tried using my ATM card at your Notting Hill location today.  It did not work.  Am I doing something wrong?,declined_cash_withdrawal
There is a cash withdrawal from an ATM listed but I don't remember making this withdrawal.,cash_withdrawal_not_recognised
Can you please tell me why my transfer failed?,failed_transfer
A receiver made me aware that they did not receive the full transfer that I made. The amount was showing to be a bit less. I now have to make a second transfer just to make up the difference. Can you reach out and let me know what's going on?,transfer_fee_charged
"My phone was stolen, what should I do first?",lost_or_stolen_phone
Is there a way to revert a transaction?,cancel_transfer
Do you support changing the currency I use?,exchange_via_app
I dont see my reciept,transfer_not_received_by_recipient
Can I change my PIN at my local bank?,change_pin
I made a check and cash deposit that wasn't credited to my account.,balance_not_updated_after_cheque_or_cash_deposit
Is it possible to top up with Google Pay?,apple_pay_or_google_pay
where can i see money source?,verify_source_of_funds
Is it normal to see a fee for transferring money?,transfer_fee_charged
I see a charge for a direct debit that was not me.,direct_debit_payment_not_recognised
"I'm waiting for a money transfer to show, still.",pending_transfer
There is a withdrawal on my account I didn't make.,cash_withdrawal_not_recognised
